{"cameraMode":{"drawMode":0,"name":"Shaded","section":"Shading Mode"},"sceneLighting":false,"audioPlay":false,"sceneViewState":{"m_AlwaysRefresh":false,"showFog":true,"showSkybox":false,"showFlares":true,"showImageEffects":true,"showParticleSystems":true,"showVisualEffectGraphs":true,"m_FxEnabled":true},"in2DMode":false,"pivot":{"x":1.503000020980835,"y":-0.016149133443832399,"z":-1.274000644683838},"rotation":{"x":-0.17290130257606507,"y":0.46588873863220217,"z":-0.09345952421426773,"w":-0.8628660440444946},"size":0.09176287055015564,"orthographic":false}