{"cameraMode":{"drawMode":0,"name":"Shaded","section":"Shading Mode"},"sceneLighting":true,"audioPlay":false,"sceneViewState":{"m_AlwaysRefresh":false,"showFog":true,"showSkybox":true,"showFlares":true,"showImageEffects":true,"showParticleSystems":true,"showVisualEffectGraphs":true,"m_FxEnabled":true},"in2DMode":false,"pivot":{"x":-11.634586334228516,"y":-3.439480781555176,"z":23.66378402709961},"rotation":{"x":-0.17940638959407807,"y":0.21269603073596955,"z":-0.039860911667346957,"w":-0.9598034620285034},"size":16.02864646911621,"orthographic":false}